<?xml version="1.0" encoding="UTF-8" standalone="yes"?>
<addon id="plugin.video.James.West” name="Fun Videos" version="0.3.1" provider-name="James.West">
  <requires>
    <import addon="xbmc.python" version="2.14.0"/>
	<import addon="script.module.requests" version="2.4.3"/>
  </requires>
  <extension point="xbmc.python.pluginsource" library="main.py">
    <provides>video</provides>
  </extension>
  <extension point="xbmc.addon.metadata">
    <language>en</language>
    <platform>all</platform>
    <summary lang="en">James.West</summary>
    <description lang="en">Visualização de videos James.West dos sites: 
	https://www.youtube.com/channel/UCxAgnFbkxldX6YUEvdcNjnA
	</description>
    <platform>all</platform>
  </extension>
</addon>
