<?xml version="1.0" encoding="UTF-8" standalone="yes"?>
<addon id=“James.West.repository" name="James West repository" version="0.0.2" provider-name="James.West">
	<extension point="xbmc.addon.repository" name="James West Add-on Repository">
		<info compressed="false">http://raw.github.com/Mafarricos/James.West.repository/master/addons.xml</info>
		<checksum>http://raw.github.com/James.West/James.West.repository/master/addons.xml.md5</checksum>
		<datadir zip="true">http://raw.github.com/James.West/James.West.repository/master/repo/</datadir>
	</extension>
	<extension point="xbmc.addon.metadata">
		<summary>Tutorial Addon</summary>
		<description>Addon Description</description>
		<disclaimer></disclaimer>
		<platform>all</platform>
	</extension>
</addon>